model,fold,train_end,horizon_days,rmse,mae,mape_pct,mase,nmae,nrmse,pcc,n_samples,best_val_loss,n_params,n_epochs,train_time_s
cmat_tab,0,2014-01-01,60,2278.380859407588,2011.777064531699,15.511557438041988,2.7799550541012423,0.1441690194486075,0.1632745199367949,0.1220972300687574,1392,0.0289932572942254,2426928,9,43.73361802101135
cmat_tab,0,2014-01-01,90,2296.6067062435013,2001.0019139056224,14.604075545613185,2.769911265535153,0.1466291325796186,0.1682904183513451,0.0412102282074417,1992,0.0323265197652357,1637288,7,38.68629622459412
cmat_tab,1,2015-01-01,60,2340.6551127949847,2064.6810807852908,14.564685095782565,2.771212696842867,0.1476197115582536,0.1673511884347426,0.1426937979617553,1392,0.0224306849375312,2426928,7,38.96150875091553
cmat_tab,0,2014-01-01,135,2296.047992989234,1935.775278409322,14.30359705714244,2.6650997648447228,0.1472942216124985,0.1747075735930424,0.1565081507399782,3072,0.0373261817402057,623784,6,40.08225917816162
cmat_tab,0,2014-01-01,105,2253.814774775302,1953.3664156336365,14.443383538395995,2.7201071283017715,0.1452764333140755,0.167621481156525,0.1608579248916912,2352,0.0317324478903578,1637288,8,46.13995957374573
cmat_tab,0,2014-01-01,75,2468.0382721188867,2130.2830151481808,14.909123432054225,2.979538347342627,0.1540208979418068,0.1784408306893696,0.0913364912008868,1704,0.0243763153454946,2426976,11,51.55189824104309
cmat_tab,1,2015-01-01,90,2203.802864282909,1925.6121179052143,14.17241214463666,2.561459229709445,0.1414719119246149,0.1619101800492473,0.162883333398433,1992,0.0270091671496629,1637288,7,45.17798137664795
cmat_tab,2,2016-01-01,60,2219.5491174420417,1981.690624017825,14.141039435365016,2.7093623779405336,0.1384641545286023,0.1550837392358543,0.0645541498898072,1392,0.024238936134009,2426928,8,48.82728314399719
cmat_tab,0,2014-01-01,120,2746.9281851539013,2260.336737978775,19.137762315284,3.1895107537910623,0.1701621493089105,0.2067936144775442,0.1345072282353543,2712,0.0404287339136226,164520,16,93.37829351425172
cmat_tab,1,2015-01-01,105,2267.0211879150743,1928.7425043015253,14.193631240837028,2.633158878721121,0.144170519086604,0.1694563274844232,0.100437779247817,2352,0.0295629833790439,1637288,7,50.93352437019348
cmat_tab,1,2015-01-01,75,2186.70064149962,1943.7393540933097,14.763967152537882,2.641559070273509,0.1400159422169348,0.1575174932900222,0.0518356297079999,1704,0.0241282763651243,2426976,10,58.80175566673279
cmat_tab,1,2015-01-01,135,2116.132703758164,1797.4758876164751,13.877742064892082,2.4529526353998143,0.1377202194974825,0.1621352822895605,0.1465653842860257,3072,0.037352384635867,623784,9,76.42380142211914
cmat_tab,2,2016-01-01,90,2251.183602821965,1940.1080361485003,13.871364580520012,2.606728522641326,0.1399508271423105,0.1623904449618112,0.1330584742802125,1992,0.028463845141232,1637288,6,50.75711798667908
cmat_tab,3,2017-01-01,60,2417.4032592825565,2074.460315923581,13.805601685955896,2.9252144665846087,0.1441803260072842,0.1680157423783999,0.1033150170250976,1392,0.025711296228216,2426928,8,60.217063188552856
cmat_tab,2,2016-01-01,75,2750.3394758179024,2295.1951440085827,15.213199285568257,3.052664871082204,0.1625442252240908,0.1947772503645474,0.0771139975752836,1704,0.030357663595008,2426976,7,51.88301229476929
cmat_tab,2,2016-01-01,105,2251.9754358125083,1923.537617586097,14.044162743264245,2.531302471012903,0.1411235493023865,0.1652199382731463,0.0927485776462841,2352,0.038267558802747,1637288,7,65.50496029853821
cmat_tab,1,2015-01-01,120,2415.617482410591,2055.475228008619,17.168450347791016,2.7857121530032707,0.1557262246755566,0.1830112013368895,0.0120532925181571,2712,0.0365431998686719,164520,10,82.09503126144409
cmat_tab,2,2016-01-01,135,2172.405101092096,1837.7439511617024,13.679286299028162,2.3441180575035,0.1380485936080294,0.1631878416811532,0.2064284375027885,3072,0.0286283786339616,623784,6,66.67089247703552
cmat_tab,3,2017-01-01,90,2603.4191985173616,2155.870737343907,14.252656571390627,2.934666917814047,0.1523963323480308,0.1840330825712235,0.098066716723368,1992,0.0304468456034859,1637288,6,62.68818259239197
cmat_tab,4,2018-01-01,60,2524.969787104488,2103.766606473375,13.852191802924803,2.694137127115732,0.1469899532600309,0.1764193755369299,0.0599237016308798,1392,0.0240812199190258,2426928,8,72.80613160133362
cmat_tab,2,2016-01-01,120,2449.1357041897422,2068.317814919801,16.92431441585122,2.676033209280098,0.1541850004108693,0.1825734840326811,0.0692982512739314,2712,0.0342087238992529,164520,6,66.35165810585022
cmat_tab,3,2017-01-01,105,2118.895521587648,1824.5472794098107,12.883701310893864,2.4922204058071418,0.1312434018694523,0.1524164704293467,0.2662405064082236,2352,0.0329686722718179,1637288,7,81.29434299468994
cmat_tab,3,2017-01-01,75,2269.666189396248,1962.71249862456,13.357169667715429,2.6536909816380447,0.1376095446377279,0.1591306577103572,0.0780264695587387,1704,0.0283684252576409,2426976,9,83.84111976623535
cmat_tab,4,2018-01-01,90,2280.6208779153035,1918.5128325803207,13.163235822948248,2.479789658173769,0.1370719409494338,0.1629434658955113,0.1011755455537214,1992,0.0306940327984867,1637288,6,75.93714451789856
cmat_tab,3,2017-01-01,135,1955.3493138667425,1660.954955736796,12.42904450628548,2.1735599827774505,0.1219190460217683,0.1435284696689449,0.2327723858460036,3072,0.0356497075633737,623784,7,96.7782428264618
cmat_tab,5,2019-01-01,60,2144.934217189953,1819.5562470534755,14.340255543647782,2.5809807606372863,0.1312576592199315,0.1547295089036152,0.0434939994008238,1392,0.0229874299635199,2426928,6,61.92101192474365
cmat_tab,4,2018-01-01,75,2393.89411784263,2005.9926723426497,13.43526843567384,2.59844209300902,0.1413410954275329,0.1686724092358046,0.0675399714653997,1704,0.0266123781090273,2426976,6,66.29704570770264
cmat_tab,3,2017-01-01,120,1988.3665425072304,1702.2190877638736,12.36785243668019,2.232556812365565,0.1231890479596854,0.1438974472364365,0.1958936706777512,2712,0.0346828845042222,164520,6,82.46254658699036
cmat_tab,4,2018-01-01,105,2339.74354961015,1919.435593377976,13.23155371162673,2.458609260573694,0.1393518625878874,0.1698664038225762,-0.0177942531783933,2352,0.0308914989233016,1637288,6,85.56326103210449
cmat_tab,6,2020-01-01,60,1979.04702547211,1732.6860954898527,13.135217631527944,2.3706235653352143,0.1286189795868073,0.1469065918131965,-0.2086543312641789,1392,0.0280952208920171,2426928,6,71.39363241195679
cmat_tab,5,2019-01-01,90,2155.752915659217,1806.3587942616773,13.06471582048947,2.462052349040147,0.135179008747214,0.1613259465220695,0.055295909793677,1991,0.0309184069641762,1637288,6,86.66252541542053
cmat_tab,4,2018-01-01,135,2000.8839937671853,1694.326900800069,13.067017729328212,2.222519647790284,0.126153337572915,0.1489784490765986,0.2378268147499003,3072,0.0349217177157508,623784,6,99.62690258026124
cmat_tab,5,2019-01-01,75,1963.004013837785,1729.3946252384096,12.724465999342144,2.2914015881515724,0.1261826282108383,0.1432275792000508,0.0819719615381397,1704,0.0239999603671843,2426976,6,76.59940600395203
cmat_tab,4,2018-01-01,120,2008.3602964014376,1706.12696536804,13.05067654696335,2.2083471309089115,0.1257687809350114,0.1480481999780124,0.2676553446785211,2712,0.0304191379347421,164520,6,98.19962406158449
cmat_tab,5,2019-01-01,105,2060.130406731792,1755.228079266469,13.72848136082936,2.436760789668729,0.1349956096603818,0.1584458245180726,0.2184592103409884,2351,0.0303406458210062,1637288,6,96.8947103023529
cmat_tab,7,2021-01-01,60,1864.112738893504,1640.8980467346894,12.759473011162669,2.177798741117924,0.1251535283019233,0.1421784168061755,0.1516171675088354,1392,0.0309079424784022,2426928,6,78.18649387359619
cmat_tab,6,2020-01-01,75,1988.993318983208,1681.8040937683393,12.288729996906318,2.302485406936537,0.1261515800273003,0.1491937442554697,0.0862960631164793,1704,0.0353937206091359,2426976,6,87.60496544837952
cmat_tab,5,2019-01-01,135,4121.217969209021,3566.562215712512,31.6644481102458,5.12571666452442,0.284688302895275,0.328961750434862,0.1668200525205191,3071,0.029687519604167,623784,6,116.12478399276732
cmat_tab,6,2020-01-01,90,1994.568975239169,1723.4237118792378,14.109868497742204,2.3261945431897546,0.1323182205951757,0.1531357702919217,0.1682017227516934,1991,0.0448132104136877,1637288,9,149.3209764957428
cmat_tab,5,2019-01-01,120,2491.0215660886806,2157.7918264852683,18.714462594470604,3.0614354738840253,0.169592822756188,0.1957831954659152,0.2379153169218542,2711,0.0358322365659541,164520,6,115.21823525428772
cmat_tab,6,2020-01-01,105,1897.4062844334967,1570.3415513843845,11.98570283006848,2.138152820761391,0.1225829858490828,0.1481141013619779,0.1868753285150507,2351,0.0368461393371776,1637288,7,128.73347997665405
cmat_tab,7,2021-01-01,75,2931.9313299799965,2416.986588312426,21.46368705220631,3.285666512856844,0.1896344912843866,0.2300365707158166,0.1393238314687065,1704,0.0358586963745491,2426976,6,97.6435489654541
cmat_tab,8,2022-01-01,60,2240.5159703331537,1868.3674470748024,16.635148480634125,2.5173353803012097,0.1496612289784895,0.1794713209069135,0.1315256687487724,1392,0.0567861557904168,2426928,10,149.54053854942322
cmat_tab,7,2021-01-01,90,2293.8244361291904,1935.9950185993216,17.36508326905962,2.578870451949589,0.1560669182305024,0.1849127230541666,0.1285329183730113,1991,0.0383500759110406,1637288,6,110.54301619529724
cmat_tab,9,2023-01-01,60,2026.282504665313,1767.1416120858028,12.782539410488353,2.348068909524557,0.1224121633323728,0.140363184943537,0.2227450075184945,1392,0.0196942266919752,2426928,6,97.18995928764345
cmat_tab,7,2021-01-01,105,3021.328421157569,2528.5834074097456,23.431805121325908,3.2536091601343307,0.2060840647289658,0.2462436635820269,0.0685247893956299,2351,0.0352734269022389,1637288,6,124.59973454475404
cmat_tab,6,2020-01-01,120,2191.621067491279,1870.0994896011043,16.213816604730937,2.515289908503912,0.1490741075675748,0.1747040500140699,0.1938464867512721,2711,0.0382862816116324,164520,7,153.32403421401978
cmat_tab,6,2020-01-01,135,2122.1731650958845,1816.1240585759424,15.846940346492609,2.361387438464189,0.1468723542629223,0.1716229502271066,0.1928504682605599,3071,0.0510213626652128,623784,10,221.23892617225647
cmat_tab,8,2022-01-01,75,2511.667112389641,2070.139609466696,18.89925873683368,2.660150788362785,0.1677547776889181,0.2035341752511255,0.1775322921512362,1704,0.0361823613878668,2426976,8,144.8175311088562
cmat_tab,8,2022-01-01,90,2282.656074302421,1927.1755816212017,17.66660151806428,2.4384288510274765,0.1590520882943562,0.1883903153080522,0.1368958425161723,1991,0.0405487935714147,1637288,9,183.58840250968933
cmat_tab,8,2022-01-01,105,2217.834566540756,1851.8324100781583,16.913542675383525,2.3811745001407414,0.1526713817194894,0.1828458481751765,0.1205491123936868,2351,0.0379154103083743,1637288,6,138.0259177684784
cmat_tab,9,2023-01-01,75,2303.3504826449566,1919.8123647483865,12.967034058077148,2.428317182286328,0.1352616473563159,0.1622840786122112,0.0208496222910281,1704,0.019302557068466,2426976,6,118.20930886268616
cmat_tab,7,2021-01-01,120,2298.609862156262,1936.355451999665,18.09348257794756,2.3828460841330035,0.1613752894124034,0.1915654645786261,0.2895055012221268,2711,0.0289166667827553,164520,6,148.077130317688
cmat_tab,10,2024-01-01,60,2217.0970116274448,1904.988961055361,12.34600577788859,2.2841348266205386,0.1270308744812828,0.1478432568138584,0.2135074079130024,1392,0.0156793193585735,2426928,10,175.253093957901
cmat_tab,7,2021-01-01,135,3340.741891150557,2842.007200677711,27.68354843863553,3.495646611759275,0.2408389985370304,0.2831030587267841,0.2570193348130768,3071,0.0326224582747566,623784,6,149.6638262271881
cmat_tab,9,2023-01-01,90,2105.7528595045983,1772.4378446402798,12.585397458003072,2.3974858778012367,0.1270946887995266,0.1509954242834204,0.0131765570314716,1992,0.0213516738058792,1637288,6,134.61615467071533
cmat_tab,0,2014-01-01,150,2119.2645894800007,1825.4742955576748,14.451002054969743,2.5099167665340154,0.1397179032017217,0.1622039847355649,0.1608553026968138,3588,0.0375339962426491,2426892,8,53.40391707420349
cmat_tab,10,2024-01-01,75,2169.2862613647667,1850.51181560391,12.602172444951735,2.2953143202942816,0.1264944056861544,0.1482846929593504,0.1269586019450709,1704,0.0208984807763686,2426976,7,149.74809503555298
cmat_tab,1,2015-01-01,150,2140.7939255472083,1798.5768397914924,13.631888143080747,2.479949124149301,0.138322489730336,0.164641253701231,0.1991929912575779,3588,0.0327169016329911,2426892,6,49.15481686592102
cmat_tab,9,2023-01-01,105,2221.1340068458226,1889.857032662298,14.91104672395815,2.535574374287335,0.1382283481843826,0.1624586831470229,0.2410579428000313,2351,0.0229695793344742,1637288,9,226.4823100566864
cmat_tab,0,2014-01-01,180,2074.206687601389,1770.4613091206045,13.858282245317586,2.423690528856884,0.1371163452679697,0.1606404155059172,0.1898438638659041,4152,0.0434951670640961,1637288,6,35.58045840263367
cmat_tab,0,2014-01-01,165,2296.5266002718613,1907.022240806564,14.138301147918146,2.6601724941649585,0.1467338772541745,0.1767038921018116,0.14831895053807,3864,0.0366964853880755,2426976,7,42.46812295913696
cmat_tab,10,2024-01-01,90,2522.85214382251,1971.4281716710595,12.908844588273146,2.4761976764439426,0.1382523666433159,0.1769226414569174,0.0449680465318259,1992,0.0201875371513543,1637288,6,147.414879322052
cmat_tab,1,2015-01-01,180,2069.208161214356,1738.93775260793,13.425043860570035,2.341610260708268,0.1346636597449178,0.1602398609986371,0.1544301347913944,4152,0.0317046059967195,1637288,6,49.722177028656006
cmat_tab,1,2015-01-01,165,2364.8738232635287,1991.1931177617107,16.84912159123217,2.7385291704828125,0.1536099109129193,0.1824373809207181,0.0828660559168242,3864,0.0327542018561153,2426976,8,65.87104320526123
cmat_tab,2,2016-01-01,180,2118.225340486268,1779.0930817885203,13.240157267473393,2.2416569246490856,0.1349786299619697,0.1607083728986979,0.1883793528199116,4152,0.0360077029835708,1637288,6,64.76002168655396
cmat_tab,2,2016-01-01,150,2197.895277611423,1833.7878325429383,14.79505001175311,2.3335315552746496,0.1375033072793981,0.1648052541096054,0.0897610279695619,3588,0.0369569677791812,2426892,16,162.57178235054016
cmat_tab,2,2016-01-01,165,2255.519424688955,1872.722166957816,13.623875727361684,2.361401239574789,0.1415285571139785,0.1704579650687551,0.1663525747644319,3864,0.039292302521918,2426976,6,65.85668301582336
cmat_tab,8,2022-01-01,120,2388.6308436621503,1976.3592550459928,18.21615197611112,2.522272677908512,0.1633296182677238,0.1974004285312849,0.0885151479274701,2711,0.0546052195928076,164520,15,409.4991421699524
cmat_tab,3,2017-01-01,150,2027.6703740919493,1689.1896980821489,12.273963991501692,2.1981382697799874,0.1243645666110469,0.1492848006297402,0.1906083079311697,3588,0.0338183820526367,2426892,6,77.67865896224976
cmat_tab,3,2017-01-01,180,2163.0517672322167,1766.6848189219804,12.592664127863593,2.278189741350879,0.1317385178237151,0.1612948901462904,0.1399222302237923,4152,0.0356087869666793,1637288,7,92.73039889335632
cmat_tab,10,2024-01-01,105,2203.826595804151,1843.3219475778592,13.39704163868941,2.441496104937419,0.1320144996540334,0.1578330175863367,-0.0087321302933513,2352,0.0211807377119031,1637288,9,246.4757335186005
cmat_tab,3,2017-01-01,165,1918.6333607904253,1610.6406242417993,12.261565113202511,2.060579406429256,0.1194587042072799,0.1423020453347725,0.2182551894605384,3864,0.0394666815843309,2426976,8,107.12071442604064
cmat_tab,4,2018-01-01,180,2051.08727016764,1716.4926628450896,13.982638780108015,2.2206097457594924,0.1314595074361638,0.1570848090884953,0.2775524108328437,4152,0.0351679202144944,1637288,6,96.86414313316344
cmat_tab,4,2018-01-01,150,2291.750930704125,1940.1918041692795,15.82789475708076,2.5243801889605555,0.1458170624812319,0.1722388415082431,0.1803951695155622,3588,0.0321887409701997,2426892,8,122.60539293289185
cmat_tab,4,2018-01-01,165,2169.57538673116,1833.504789048347,14.940159109229784,2.3888494660955373,0.1393879363655852,0.1649369217644561,0.1893897771624982,3864,0.0358446797569079,2426976,6,98.05636739730836
cmat_tab,9,2023-01-01,120,2025.0605672882623,1680.8106841196743,12.460777840803985,2.229770548177026,0.1243552337125322,0.1498246545589156,0.1691185883404386,2711,0.0276564440298756,164520,6,181.250876903534
cmat_tab,5,2019-01-01,180,2427.724686907361,2140.8297095908742,19.103851680382284,3.0504362976884942,0.1759610710084521,0.1995418104056095,0.2970453022765308,4151,0.0294721335601961,1637288,6,113.06643509864809
cmat_tab,5,2019-01-01,150,2108.9097008413582,1817.630956023923,15.255580222311789,2.606560180382128,0.146363212511698,0.1698181898196956,0.1711891152054581,3587,0.0319121383150944,2426892,6,107.3914008140564
cmat_tab,5,2019-01-01,165,2976.732066770361,2621.337246113974,23.59109992896746,3.7283682372033424,0.2135675480745795,0.2425225406298142,0.2049486672103986,3863,0.0312938160156466,2426976,7,133.96444177627563
cmat_tab,8,2022-01-01,135,2002.8581803402344,1660.5752566855258,15.04064883807628,2.1528987826988533,0.137415815052487,0.1657403891681107,0.1176840562226182,3071,0.0468168587174585,623784,27,747.313294172287
cmat_tab,6,2020-01-01,180,3485.391701840922,3087.931404777275,28.244788924269816,3.907818047556668,0.2563690184293825,0.2893673246952587,0.198723636572609,4151,0.0356495635515009,1637288,6,130.03786444664
cmat_tab,10,2024-01-01,120,3104.727201548456,2698.904296154821,21.69126306596093,3.5999211514549905,0.1966908429739612,0.2262664190600565,0.2692744541971892,2712,0.021334484314408,164520,6,198.1028802394867
cmat_tab,6,2020-01-01,150,2789.141840723412,2404.19974051806,21.680182864656025,3.130731726210515,0.1958786248276929,0.2272412141981836,0.2117064121151323,3587,0.0385912078432738,2426892,7,141.55040097236633
cmat_tab,6,2020-01-01,165,2544.569195017136,2209.926350174128,20.033130439010066,2.870003039446647,0.182137130714453,0.2097176369919698,0.1538783620633875,3863,0.0389437206562005,2426976,7,155.2554965019226
cmat_tab,7,2021-01-01,150,2766.23690836947,2334.3395546199818,22.78844330644891,2.7862314476863967,0.1989944841778173,0.2358122603051362,0.0997459802829082,3587,0.0329267393430545,2426892,6,137.33912634849548
cmat_tab,7,2021-01-01,180,3367.689774456764,2927.530493875722,29.063875379730685,3.483021154313008,0.2554582222414,0.2938668084390541,0.1820280659027914,4151,0.0372833609771412,1637288,7,167.38989305496216
cmat_tab,9,2023-01-01,135,2009.55266768689,1683.7604827036184,13.102899288501114,2.249989393594291,0.1263801913360794,0.1508335973263855,0.2492990487978928,3071,0.0250550985914485,623784,8,242.9515883922577
cmat_tab,7,2021-01-01,165,2840.5759524943696,2404.6388179928163,23.73359276040724,2.8728759180011134,0.2075904179135963,0.2452244988650015,0.2372628367602155,3863,0.0365447084216669,2426976,6,155.63967752456665
cmat_tab,8,2022-01-01,180,1798.9156135418398,1483.0352647046643,13.299847187483014,2.0408764786050693,0.1230182503176354,0.1492206264502166,0.1826182082841621,4151,0.0337440853896914,1637288,8,214.19085383415225
cmat_tab,10,2024-01-01,135,2203.540934686044,1685.9283816019697,11.876087721309746,2.332643777122123,0.1245977113147597,0.1628516135361481,0.256476617816096,3072,0.0210263645138453,623784,6,200.50440907478333
cmat_tab,8,2022-01-01,165,2212.925365638871,1818.7624245647808,16.705481102615177,2.4734125949612342,0.1512379870807907,0.1840143458755104,0.1369268401018126,3863,0.0515148142813206,2426976,8,232.3848507404328
cmat_tab,9,2023-01-01,180,2054.3235323649847,1716.4327421103349,13.997889466906674,2.358668781444585,0.1321993930696431,0.1582236911965635,0.2448465570667519,4151,0.0222917941076937,1637288,6,176.86991238594055
cmat_tab,9,2023-01-01,165,2128.5167672286075,1799.029426813681,14.662257688538489,2.4306561687290635,0.1374218132330653,0.1625902441004548,0.2408453518952117,3863,0.0243489986673904,2426976,6,188.24500226974487
cmat_tab,8,2022-01-01,150,2022.1892309666248,1649.1945292353464,14.784261634768564,2.1999073735211763,0.1370226043576536,0.1680127056081851,0.0452116278298887,3587,0.0515206900483038,2426892,20,506.03805017471313
cmat_tab,10,2024-01-01,180,2089.0653802302463,1720.5133376516587,13.490907850353212,2.503947327652995,0.1305992908461614,0.1585750317761122,0.1436597467387354,4152,0.0277129842520312,1637288,9,286.7520742416382
cmat_tab,9,2023-01-01,150,2016.740359637504,1677.8138740482125,13.184635634175985,2.248087605764308,0.1268034981425651,0.1524184156555508,0.2068770264593565,3587,0.0246378434210145,2426892,7,195.596429347992
cmat_tab,10,2024-01-01,165,2217.9243508051,1876.5458420779148,14.785407478801874,2.6896965010785947,0.1412754522627063,0.166976078451405,0.1707765891042458,3864,0.023844945427674,2426976,8,275.36015272140503
cmat_tab,10,2024-01-01,150,2098.7713643961742,1689.0313501602564,12.630107376376031,2.3787520771555877,0.12569805812985235,0.15619099369476433,0.17572071384154805,3588,0.025620649777014146,2426892,6,183.4075722694397
